,0,0
0,http://www.t66y.com/htm_data/16/1707/2519480.html,高速免费02 简单操作一键连接 兼容各系统平台 图文演示教学 更新版
1,http://www.t66y.com/htm_data/16/1110/622028.html,为什么你的帖子没有得到评分？
2,http://www.t66y.com/htm_data/16/1109/594741.html,图区禁止使用下列图床，违者永久禁言，屏蔽IP
3,http://www.t66y.com/htm_data/16/1802/344501.html,各类图片上传的图床[更新7-28]
4,http://www.t66y.com/htm_data/16/1106/524942.html,"[技术贴]再现(寡人教程)之发图详解, 其发图很, 新手必W!"
5,http://www.t66y.com/htm_data/16/0805/136474.html,自拍区发帖前必读(最新版）
6,http://www.t66y.com/htm_data/16/1706/2424348.html,通告～普通主}禁止三Bl！再有三B按阂夤嗨清空主}重新核
7,http://www.t66y.com/htm_data/16/1807/3205039.html,[原创]分享自家97年小母狗.....可玩3P.多P.互换.....欢迎同好交流..坐标020..[47P]
8,http://www.t66y.com/htm_data/16/1807/3209655.html,[原创][cl分享团出品]团妹子公用母狗暑假回归，好久没投稿了，为表歉意给各位狼友送上露脸福利[15P]
9,http://www.t66y.com/htm_data/16/1807/3208983.html,[原创]（太阳花第四季）这季简单点，剃毛、白虎、蜜穴照 ，单男不用在私信了，只支持高素质夫妻 [49P]
10,http://www.t66y.com/htm_data/16/1807/3208671.html,[原创]年轻时喜欢别人的老婆，中年了喜欢别人的女儿，96年幼师虽已找男友，奈何不忘干爹大鸡吧，索性带去露出吧，最终一夜三次心满意足，露出＋口交＋内射＋颜射[61P]
11,http://www.t66y.com/htm_data/16/1807/3201681.html,[原创][cl分享团出品]新来团妹，倾情奉献，完美大尺度自拍，为了完美用尽浑身解数[20P]
12,http://www.t66y.com/htm_data/16/1807/3201276.html,[原创][cl分享团出品]完美身材，黑丝诱惑，口活一流，蒙上眼睛，边拍照边分享[23P]
13,http://www.t66y.com/htm_data/16/1807/3207446.html,[球王酥酥原创]光着身子吃鸡，这吉利服怎么布料这么少，哎越来越少，哎~哎~~~我吉利服呢，这光着身子也能吃鸡？[24P]
14,http://www.t66y.com/htm_data/16/1807/3205475.html,[cl分享团出品][游客投稿]为曾经的炮友，后入的肥臀，然而却各奔东西！[20P]
15,http://www.t66y.com/htm_data/16/1807/3205013.html,[原创]这样白嫩的大奶你们喜欢吗[12P]
16,http://www.t66y.com/htm_data/16/1807/3205163.html,[原创投稿][cl分享团出品]苗条的小女友修长的白腿性感的蛮腰翘起性感的屁股等着我来插[18]
17,http://www.t66y.com/htm_data/16/1807/3206156.html,[原创][cl分享团出品]继冬天35度严寒露出后，团妹丝诱携手客户，在创佳作。[21P]
18,http://www.t66y.com/htm_data/16/1807/3205754.html,[原创][cl分享团出品]温至如猫，小鸟沉寂几个月，携高质量作品。在战盖区[27P]
19,http://www.t66y.com/htm_data/16/1807/3205545.html,[原创][验证]无套内射高中妹，床单湿了。[13P]
20,http://www.t66y.com/htm_data/16/1807/3203774.html,[原创][玲玲的鸡巴]小女友总是幻想别人3P她，想你们看她逼打飞机[17P]
21,http://www.t66y.com/htm_data/16/1807/3203480.html,[原创][cl分享团出品]刚刚结婚2年，别人眼里的女神大长腿，趁着周末。留下美好的瞬间[34P]
22,http://www.t66y.com/htm_data/16/1807/3203223.html,[蜜丝原创]闹市区人前露出，骚性大发穿着丝袜高跟，在夜晚的闹市中露出肥臀骚穴，在商户门前翘起屁股露出骚穴，享受羞耻的露出骚穴快感[16P]
23,http://www.t66y.com/htm_data/16/1807/3203218.html,[原创][cl分享团出品]最近刚上手的36岁熟女，露脸皮肤有点松弛，奶大毛多B黑，喜欢在上面，第一次尝试了菊花，爱干净必须洗完再干，最后两张是她自拍的[17P]
24,http://www.t66y.com/htm_data/16/1807/3202964.html,[原创][西安的太阳]02 没穿内衣就出门散步，女主还竟然大胆脱下内裤挂树上！哈哈！ [29P]
25,http://www.t66y.com/htm_data/16/1807/3204431.html,[原创][cl分享团出品]刚步入社会的小女孩，还是那么的羞涩，放不开，捂着脸给我口交[20P]
26,http://www.t66y.com/htm_data/16/1807/3204432.html,[原创][cl分享团出品]新来的95后团妹，喵妹子，首次投稿发帖，粉嫩诱惑，希望大家多多支持[16P]
27,http://www.t66y.com/htm_data/16/1807/3203836.html,[原创]娇妻美美系列第8季-千呼万唤始出来的美美露出：路边的野花你不要采[27P]
28,http://www.t66y.com/htm_data/16/1807/3203338.html,[原创]DDCLUB-剃毛人妻野外漏出骚逼还是上瘾了[60P]
29,http://www.t66y.com/htm_data/16/1807/3202618.html,[原创][cl分享团出品]团妹再次出击 为加入 奉献自己 喜欢的哥哥多多评论[15P]
30,http://www.t66y.com/htm_data/16/1807/3202421.html,[原创][cl分享团出品]结婚几年的妻子，还是那么性感，迷人，越来越放得开了[15P]
31,http://www.t66y.com/htm_data/16/1807/3202201.html,[原创][cl分享团出品]丰满人妻，情趣网袜面具诱惑，肥臀。口活，水多，让你流连忘返[30P]
32,http://www.t66y.com/htm_data/16/1807/3202202.html,[原创][cl分享团出品]骨干小妹，看这个鲍鱼，也是历经沧桑[17P]
33,http://www.t66y.com/htm_data/16/1807/3200828.html,[原创][cl分享团出品]人妻，顺便找个调教高手，她很保守的，想找个人把她调教淫荡点，无奈她不搭理陌生人[26P]
34,http://www.t66y.com/htm_data/16/1807/3200769.html,[原创][cl分享团出品]投稿-合肥妹子95年02 在我面前摇屁股，极品身材验证[15P]
35,http://www.t66y.com/htm_data/16/1807/3200589.html,"[原创][cl分享团出品]届笑春桃兮,云堆翠髻,唇绽樱颗兮,榴齿含香[27P]"
36,http://www.t66y.com/htm_data/16/1807/3202412.html,[原创][cl分享团出品]周末炮友老公出差，约我到酒店见面，自带道具，诱惑极致[22P]
37,http://www.t66y.com/htm_data/16/1807/3199034.html,[原创][cl分享团出品]89后团妹小柠檬初次投稿，欢迎哥哥们多多评论[27P]
38,http://www.t66y.com/htm_data/16/1807/3211197.html,[原创][cl分享团出品]为求得吗，自家小骚气，小穴紧致分享给大家[15P]
39,http://www.t66y.com/htm_data/16/1807/3211196.html,[原创][cl分享团出品]暑期约骚妹子，酒店开苞，聊了这么就终于如愿一长[24P]
40,http://www.t66y.com/htm_data/16/1807/3211142.html,年轻娇嫩的身体看起来特别有欲望[14P]
41,http://www.t66y.com/htm_data/16/1807/3211141.html,白白嫩嫩的看起来舒服[20P]
42,http://www.t66y.com/htm_data/16/1807/3202693.html,[原创][cl分享团出品]团妹湿哒哒的妹子，良心之作。陌生人酒店调教，酒店电梯口全裸露出，挑战心理极限[93P]
43,http://www.t66y.com/htm_data/16/1807/3200139.html,[原创][cl分享团出品]买了几个玩具给老婆试试。没有想到给弄害羞的哭了[22P]
44,http://www.t66y.com/htm_data/16/1807/3199577.html,[原创][cl分享团出品][会员投稿]酒店约会D奶小骚逼，毛发旺盛性欲强，口活技术顶刚刚[20P]
45,http://www.t66y.com/htm_data/16/1807/3198095.html,[原创][cl分享团出品]怀孕少妇也想被操，骚货娇妻孕妇大肚疯狂露出，肚子里的宝宝也想尝尝大肉棒，据说大小两个一起操更爽哦[24P]
46,http://www.t66y.com/htm_data/16/1807/3198061.html,[原创][cl分享团出品]身材娇小，屁股大，很紧操起来很舒服，不露脸怎么拍都行[15P]
47,http://www.t66y.com/htm_data/16/1807/3198052.html,[原创][cl分享团出品]风和日丽干楼凤，还是不要钱的[20P]
48,http://www.t66y.com/htm_data/16/1807/3197603.html,[原创]人妻调教，给少妇穿绿衣给她老公戴绿帽 [16P]
49,http://www.t66y.com/htm_data/16/1807/3197507.html,[原创投稿][cl分享团出品]老婆性感的身材最爱的屁股 粗大的鸡巴塞进嘴巴是真享受[13P]
50,http://www.t66y.com/htm_data/16/1807/3197390.html,[原创] 刚踢了毛毛就迫不及待给大家展现一下，看我是有多爱你们！[14P]
51,http://www.t66y.com/htm_data/16/1807/3198056.html,[原创][cl分享团出品]粉嫩少妇玩的开，身材不错，吹拉弹唱，洋洋齐全，手写，手势验证，全[40P]
52,http://www.t66y.com/htm_data/16/1807/3196987.html,[原创]（太阳花老婆第三季）你们要的深喉、爱液、三通、潮吹、内射通通都来了，欢迎继续留言，挑战更多可能[31P]
53,http://www.t66y.com/htm_data/16/1807/3197007.html,[原创][cl分享团出品]调教骚妻，小母狗求大鸡吧操，欢迎有缘人一起来调教[18P]
54,http://www.t66y.com/htm_data/16/1807/3196780.html,[原创][cl分享团出品]微调教我的性感开放的小女友厦门之行2[26P]
55,http://www.t66y.com/htm_data/16/1807/3196371.html,[原创][cl分享团出品]家有骚妻，趁着周末，换了2套衣服诱惑，舌头还是那么软，功夫越来越好[19P]
56,http://www.t66y.com/htm_data/16/1807/3196365.html,[原创][cl分享团出品]认识很久的朋友，失恋了。让我占了先机，很嫩，水多[15P]
57,http://www.t66y.com/htm_data/16/1807/3196097.html,[原创]炮友穿着丁字裤勾引我打野炮[21P]
58,http://www.t66y.com/htm_data/16/1807/3196046.html,[原创]清爽一夏，激情世界杯！馒头加白虎水又多，口活好，内裤没脱已经湿的不行，第二天上班后说浑身散架[23P]
59,http://www.t66y.com/htm_data/16/1807/3195947.html,[原创][cl分享团出品]周末放假，很久的炮友和我联系，酒店约起，还是原来的味道[15P]
60,http://www.t66y.com/htm_data/16/1807/3195917.html,[原创][cl分享团出品]骚妻第一次不穿内裤逛街，回来在楼道露出一波，大家多多评论，女主会看[32P]
61,http://www.t66y.com/htm_data/16/1807/3195308.html,[原创][cl分享团出品]花花的胸，卡卡的的红唇，盖区GDP的保证。神游学生时代，还是那么诱人，你想来战吗？[24P]
62,http://www.t66y.com/htm_data/16/1807/3195228.html,[原创][cl分享团出品]花有百样红，人与人不同，新来的团妹害羞，自拍一套，放下心中矜持[19P]
63,http://www.t66y.com/htm_data/16/1807/3195236.html,[原创][cl分享团出品]游客投稿，沪太路150内射楼凤，也是拼了为了得码[21P]
64,http://www.t66y.com/htm_data/16/1807/3194560.html,[原创][cl分享团出品]半夜约大屁股少妇出来渲泄，大屁股坐上来自己动，粉红的小逼异常的紧[17P]
65,http://www.t66y.com/htm_data/16/1807/3194422.html,[原创][cl分享团出品][游客投稿]为求得玛分享娇妻，大黑穴，为什么那么黑呢？[25P]
66,http://www.t66y.com/htm_data/16/1807/3193734.html,[原创投稿][1861照相馆]暑期炎热性欲涨，嫖侠孤胆闯天关[13P]
67,http://www.t66y.com/htm_data/16/1807/3192861.html,[原创][cl分享团出品]饥渴一个月了，今天有时间找个凤楼做一次，还让拍照，心里美滋滋[18P]
68,http://www.t66y.com/htm_data/16/1807/3196385.html,[原创][cl分享团出品]游客投稿-骚情妇憋坏啦-见面就是吃，水流不止，蛮虚浮[27P]
69,http://www.t66y.com/htm_data/16/1807/3194563.html,[原创][cl分享团出品]情趣内衣。肛塞。滴蜡。维也纳酒店约的聊了1个月的附近的人，玩的开，操的爽[19P]
70,http://www.t66y.com/htm_data/16/1807/3211038.html,[原创]你们猜猜这样的大洞经历了多少男人，猜对有惊喜[15P]
71,http://www.t66y.com/htm_data/16/1807/3211028.html,好黑的[17P]
72,http://www.t66y.com/htm_data/16/1807/3211027.html,包养的小情人发来这照片是不是发情了，奶子好大，真想亲下两个咪咪奶头[12P]
73,http://www.t66y.com/htm_data/16/1807/3211025.html,今天晚上做你的小学妹，学长你想干点什么？[18P]
74,http://www.t66y.com/htm_data/16/1807/3211024.html,"高级的女人,奶子真漂亮，粉红嫩B鲍鱼里面，很需要男人的满足~~[15P]"
75,http://www.t66y.com/htm_data/16/1807/3211011.html,楼梯间漏出[10P]
76,http://www.t66y.com/htm_data/16/1807/3211006.html,另类玩法，SM大法好[15P]
77,http://www.t66y.com/htm_data/16/1807/3211003.html,好胸，能玩一年[11P]
78,http://www.t66y.com/htm_data/16/1807/3210980.html,外出游玩[13P]
79,http://www.t66y.com/htm_data/16/1807/3210922.html,小美女，今晚约吗[13P]
80,http://www.t66y.com/htm_data/16/1807/3210921.html,诱人马甲线[12P]
81,http://www.t66y.com/htm_data/16/1807/3210858.html,[Facepower] 女神的酥胸 [20P]
82,http://www.t66y.com/htm_data/16/1807/3210851.html,[原创][cl分享团出品]千呼万唤始出来，第一次遇到这么骚的妹子，听说发给榴友看，非要露脸拿身份证验证。此女支持群P[37P]
83,http://www.t66y.com/htm_data/16/1807/3210834.html,[Facepower] 内衣少女 [32P]
84,http://www.t66y.com/htm_data/16/1807/3210810.html,髡f中的吊D乳？目y一下@δ套佑卸啻蟪叽纾[14P]
85,http://www.t66y.com/htm_data/16/1807/3210809.html,妹子你喜g自拍也不用光著腚吧![14P]
86,http://www.t66y.com/htm_data/16/1807/3210806.html,哇靠!居然@么惹火T惑，玩弄部都我受不了啊，永h都是那么性福~~[18P]
87,http://www.t66y.com/htm_data/16/1807/3210636.html,[原创]茵茵代发.....（小少妇）............[28P]
88,http://www.t66y.com/htm_data/16/1807/3210413.html,骚的不要不要的！[12P]
89,http://www.t66y.com/htm_data/16/1807/3210412.html,告诉我这双鞋好不好看，你要说实话。[16P]
90,http://www.t66y.com/htm_data/16/1807/3210410.html,佩服~简直是旁若无人啊~[20P]
