,0,1
0,http://www.t66y.com/htm_data/16/1807/3210851.html,[原创][cl分享团出品]千呼万唤始出来，第一次遇到这么骚的妹子，听说发给榴友看，非要露脸拿身份证验证。此女支持群P[37P]
1,http://www.t66y.com/htm_data/16/1807/3213969.html,[原创]茵茵.....（兑现承诺）...有各位哥哥想看的（灌肠，滴蜡，扩阴，扩肛，还有潮吹）....[104P]
2,http://www.t66y.com/htm_data/16/1807/3213456.html,[原创][cl分享团出品]情人呆着眼镜露脸，撅着屁股让我草，24小时小穴都是湿湿的[15P]
3,http://www.t66y.com/htm_data/16/1807/3213449.html,[原创][cl分享团出品]99年的妹子，露脸，女上，各种姿势，不输老司机[95P]
4,http://www.t66y.com/htm_data/16/1807/3213422.html,[原创]DDCLUB-剃毛人妻家中发骚躺在床上扭来扭曲不安生塞进去一跟鸡巴老实了[79P]
5,http://www.t66y.com/htm_data/16/1807/3213315.html,[原创][cl分享团出品]新来的团妹，有拍照的欲望，还腼腆放不开，发点福利试试水[16P]
6,http://www.t66y.com/htm_data/16/1807/3213310.html,[原创][cl分享团出品]朋友的骚妻，喜欢别人骂她母狗婊子，渴望被强奸[24P]
7,http://www.t66y.com/htm_data/16/1807/3212889.html,[原创][cl分享团出品]手势验证调教99年骚母狗三天，无套内射口爆吞精[20P]
8,http://www.t66y.com/htm_data/16/1807/3212500.html,[原创]茵茵........依稀记得...当年和主人的第一次爱爱经历....[39P]
9,http://www.t66y.com/htm_data/16/1807/3212356.html,[原创]茵茵......给主人发的福利...把主人诱惑得不要不要的~~[59P]
10,http://www.t66y.com/htm_data/16/1807/3212313.html,[原创][cl分享团出品]团少妇晗日梅周日约广州2个团哥们腼腆男大鸡吧，狂干自己，活力好，持久耐操[21P]
11,http://www.t66y.com/htm_data/16/1807/3212302.html,[原创][cl分享团出品]大连色狼用粗大鸡巴猛干酥胸美臀的极品新婚少妇[18P]
12,http://www.t66y.com/htm_data/16/1807/3212295.html,[原创][cl分享团出品]中午下班回家，因为时间有限，媳妇帮我口暴一次[16P]
13,http://www.t66y.com/htm_data/16/1807/3212096.html,[原创] [六九公社出品]和醉酒实习女大学生开房，坐标0859[21P]
14,http://www.t66y.com/htm_data/16/1807/3211947.html,[分享团原创]饲养的的小母狗越来越听话了[20P]
15,http://www.t66y.com/htm_data/16/1807/3211196.html,[原创][cl分享团出品]暑期约骚妹子，酒店开苞，聊了这么就终于如愿一长[24P]
16,http://www.t66y.com/htm_data/16/1807/3209364.html,[原创]小茵茵来了....向各位哥哥请安.........[77P]
17,http://www.t66y.com/htm_data/16/1807/3209596.html,[原创][贱宝原创]为世界杯喝彩，化身阿根廷足球宝贝校园球场，马路中间激情露出，你见过塞着跳蛋踢足球的足球宝贝么？阿根廷宝贝合集，图有点多哦[76P]
18,http://www.t66y.com/htm_data/16/1807/3209352.html,[原创][cl分享团出品]黑丝情趣骚妻第一次晚上露出，有点放不开，她说下次满足评论里的大家要求，多多评论[18P]
19,http://www.t66y.com/htm_data/16/1807/3208075.html,[原创][cl分享团出品]粉嫩小穴，配上情趣分叉白内裤，在来个观音坐莲，让我身体日渐衰退[31P]
20,http://www.t66y.com/htm_data/16/1807/3208947.html,[原创][cl分享团出品]老婆第一次主动配合拍照，而且掰开让你看，你们想操吗[17P]
21,http://www.t66y.com/htm_data/16/1807/3208881.html,[原创]女人像酒年数到了就已经完全解锁了，熟女做一次能让你回忆终生[35P]
22,http://www.t66y.com/htm_data/16/1807/3208859.html,[原创]D奶少妇刚巧老公出差，带她来酒店泄欲丰满的才是最舒服的[19P]
23,http://www.t66y.com/htm_data/16/1807/3206717.html,[原创][cl分享团出品]媳妇带上眼罩，面具做，半露脸。口活很好，喜欢毒龙[20P]
24,http://www.t66y.com/htm_data/16/1807/3216094.html,[原创]护士老婆第七季：怀孕后的变化，三个月了，孕妇逼就是不一样[33P]
25,http://www.t66y.com/htm_data/16/1807/3216064.html,[原创]茵茵.......丝袜美腿...美脚杂图...非炮图..丝袜控足控哥哥福利贴[58P]
26,http://www.t66y.com/htm_data/16/1807/3216062.html,欢乐椅上掉V州富婆[14P]
27,http://www.t66y.com/htm_data/16/1807/3216024.html,网红妹子黄毛骚逼[15P]
28,http://www.t66y.com/htm_data/16/1807/3215995.html,乳房没有发育的妹子火力全开[15P]
29,http://www.t66y.com/htm_data/16/1807/3215967.html,又白又嫩的妹子粉穴[13P]
30,http://www.t66y.com/htm_data/16/1807/3215927.html,乳汁机～新鲜可口～嘻嘻女仆犬逼逼 奶子 脚脚 腿腿 屁屁 喜欢哪个呀[16P]
31,http://www.t66y.com/htm_data/16/1807/3215878.html,"[原创][已认证]极品!~清纯女神气质流出!大奶小妞性感的大屁屁，漂亮的奶子肥臀,情趣内衣诱惑！！~~[27P]"
32,http://www.t66y.com/htm_data/16/1807/3214712.html,外露不够爽回家来玩啤酒瓶[16P]
33,http://www.t66y.com/htm_data/16/1807/3215871.html,[六九公社出品] 阴泉喷涌似凝露，抬首欲饮已奉仙。厕所偷拍美女同事露脸[19P]
34,http://www.t66y.com/htm_data/16/1807/3215816.html,[原创][cl分享团出品]身材不错，边玩手机边让拍照。喜欢吃鸡巴。今晚又不用睡觉了[15P]
35,http://www.t66y.com/htm_data/16/1807/3215815.html,[原创][cl分享团出品]少妇就是比小女孩会玩，啤酒瓶，胡萝卜，什么都可以当道具[17P]
36,http://www.t66y.com/htm_data/16/1807/3215813.html,[原创][cll分享团出品]有上门服务，解决了很大难题。还让拍照。口活一流[13P]
37,http://www.t66y.com/htm_data/16/1807/3215738.html,90后小湿妹，长腿黑丝，嫩蝴蝶，圣诞送穴来[23P]
38,http://www.t66y.com/htm_data/16/1807/3215454.html,有这样的小骚货真是人生大幸事[12P]
39,http://www.t66y.com/htm_data/16/1807/3215733.html,清纯妹身材像就快要成熟蜜桃一般诱人 [14P]
40,http://www.t66y.com/htm_data/16/1807/3215731.html,皮肤超好的短发少妇，白净迷人，姿势多也会玩，今天给大家分享！~[17P]
41,http://www.t66y.com/htm_data/16/1807/3215686.html,寂寞的l下表嫂忘чT匙![15P]
42,http://www.t66y.com/htm_data/16/1807/3215662.html,约了炮友去酒店[17P]
43,http://www.t66y.com/htm_data/16/1807/3215615.html,午安！空调吹多了也不好，腰酸背痛身体难受，但是太热了我要睡觉觉还是开空调没办法。[18P]
44,http://www.t66y.com/htm_data/16/1807/3215610.html,胸大水多就足够了[10P]
45,http://www.t66y.com/htm_data/16/1807/3215574.html,与同事相约宾馆大干一场[14P]
46,http://www.t66y.com/htm_data/16/1807/3215572.html,奶子漂亮，小穴也很棒，情人就该如此[12P]
47,http://www.t66y.com/htm_data/16/1807/3215557.html,午休，午后阳光多明媚[30P]
48,http://www.t66y.com/htm_data/16/1807/3215554.html,浪浪的小情人，美美的艺术照[19P]
49,http://www.t66y.com/htm_data/16/1807/3215552.html,最喜欢活塞运动[13P]
50,http://www.t66y.com/htm_data/16/1807/3215538.html,小情人真是粘人[15P]
51,http://www.t66y.com/htm_data/16/1807/3215537.html,小树林里的调教，用的是王中王[36P]
52,http://www.t66y.com/htm_data/16/1807/3215536.html,骚熟妇家中客厅口交啪啪啪[12P]
53,http://www.t66y.com/htm_data/16/1807/3215535.html,约到一个棒子嫩妹各种姿势样样精通矜持内骚[11P]
54,http://www.t66y.com/htm_data/16/1807/3215534.html,K先生的淫妻[30P]
55,http://www.t66y.com/htm_data/16/1807/3215491.html,野战需要解锁更多姿势[13P]
56,http://www.t66y.com/htm_data/16/1807/3215490.html,黑丝骚妻野外露出[12P]
57,http://www.t66y.com/htm_data/16/1807/3215483.html,新婚的小夫妻的日常回合制激战[12P]
58,http://www.t66y.com/htm_data/16/1807/3215461.html,国产美女的性的日记[45P]
59,http://www.t66y.com/htm_data/16/1807/3215456.html,小骚逼母狗，图书馆，浴室自拍[14P]
60,http://www.t66y.com/htm_data/16/1807/3215453.html,[原创][cl分享团出品][游客投稿]一次出差，寂寞难耐，借出租车吉言，附近500找了个妹子，技术还不错[15P]
61,http://www.t66y.com/htm_data/16/1807/3215449.html,[原创][cl分享团出品][游客投稿]一份美味的早餐，换来一次激情的晨炮，俗话“说早餐吃的好，晨练才能好”[13P]
62,http://www.t66y.com/htm_data/16/1807/3215447.html,[原创][cl分享团出品][游客投稿]炎热的夏季，是造人运动的高发期，摊上凉席和心爱的你，一起共赴云雨[18P]
63,http://www.t66y.com/htm_data/16/1807/3215446.html,[原创][cl分享团出品][游客投稿]住隔壁王哥，趁此机会，和王嫂，激情一宿[15P]
64,http://www.t66y.com/htm_data/16/1807/3215438.html,[原创][cl分享团出品][游客投稿]每个月总有那么几天，让人寂寞难耐，寂寞的日子，需要 大家一起见证，自家骚妻的姨妈期！[15P]
65,http://www.t66y.com/htm_data/16/1807/3215407.html,出租屋约了个厂妹拉进门开始爆操模式[14P]
66,http://www.t66y.com/htm_data/16/1807/3215400.html,毛有多浓，性欲就多强，内裤都遮不住你的浓密黑森林[17P]
67,http://www.t66y.com/htm_data/16/1807/3215390.html,暑假约的极品老师，身材屁股不错，估计约多了，逼松[10P]
68,http://www.t66y.com/htm_data/16/1807/3215388.html,[原创] [六九公社出品] 约炮指压技师，车震摸奶[11P]
69,http://www.t66y.com/htm_data/16/1807/3215387.html,淫荡姿势诱惑你[10P]
70,http://www.t66y.com/htm_data/16/1807/3215386.html,怒草!93小情人身材一流[17P]
71,http://www.t66y.com/htm_data/16/1807/3215385.html,超美赓|，奶子身材都是O品[16P]
72,http://www.t66y.com/htm_data/16/1807/3215384.html,搞这种女人最爽了！正点极品小骚货床上诱惑难当，欲罢不能的完美身材[26P]
73,http://www.t66y.com/htm_data/16/1807/3215382.html,用口戴套，爽[10P]
74,http://www.t66y.com/htm_data/16/1807/3215374.html,爱自拍的可爱小妞[15P]
75,http://www.t66y.com/htm_data/16/1807/3215373.html,新晋理发师的杰作，试试看看效果[11P]
76,http://www.t66y.com/htm_data/16/1807/3215371.html,大奶子嫩骚货，可玩年[20P]
77,http://www.t66y.com/htm_data/16/1807/3215369.html,楼顶上大胆露出[15P]
78,http://www.t66y.com/htm_data/16/1807/3215367.html,黑丝美腿，肉臂翘的老高[11P]
79,http://www.t66y.com/htm_data/16/1807/3215351.html,蓝色丝袜包裹的肉臂[12P]
80,http://www.t66y.com/htm_data/16/1807/3215317.html,宾馆半夜三人行，刚认识的网友[29P]
81,http://www.t66y.com/htm_data/16/1807/3215029.html,[原创]南京某镇某小学老师约炮[10P] 新手求鼓励。谢谢
82,http://www.t66y.com/htm_data/16/1807/3215036.html,[原创][cl分享团出品]给嫩嫩的情人买了身衣服，就这样被我后入了，很乖巧什么姿势都来的了，一起来射她吧。[22P]
83,http://www.t66y.com/htm_data/16/1807/3214756.html,完美身材让我欲罢不能[26P]
84,http://www.t66y.com/htm_data/16/1807/3214731.html,小女友的口活很棒的[13P]
